Parameter , Pre layout , Post layout , Unit , Error(wiht respect to pre layout)(%)
$V_{th}$ , 718.126 , 718.126 , mV , $perr(re2  re3)
$V_{OH}$ , 1.8 , 1.8 , V , $perr(re2  re3) 
$V_{OL}$ , 0 , 0 , V , $perr(re2  re3)
$V_{IH}$ , 846.93 , 847.26 , mV , $perr(re2  re3)
$V_{IL}$ , 557.951 , 557.949 , mV , $perr(re2  re3)
$NM_{H}$ , ce3 - ce5/1000 , ce3 - ce5/1000 , V , $perr(re2  re3)
$NM_{L}$ , ce6 - ce4 , ce6 - ce4 , V , $perr(re2  re3)
$t_{HL}$ , (113.1098 - 113.075)*1000 , (113.1259 - 113.075)*1000 , ps , $perr(re2  re3)
$t_{LH}$ , 0, 0 , ps , $perr(re2  re3)
$t_{p}$ , ce9 , ce9 , ps , $perr(re2  re3)
$t_{r}$ , (5.4991 - 55.04192)*1000 , (55.20458 - 55.04746)*1000 , ps , $perr(re2  re3)
$t_{f}$ , (113.138 - 113.0963)*1000 , (113.1704 - 113.1021)*1000 , ps , $perr(re2  re3)